{"cameraMode":{"drawMode":0,"name":"Shaded","section":"Shading Mode"},"sceneLighting":true,"audioPlay":false,"sceneViewState":{"showFog":true,"showMaterialUpdate":false,"showSkybox":true,"showFlares":true,"showImageEffects":true,"showParticleSystems":true},"in2DMode":false,"pivot":{"x":0.46679845452308657,"y":-0.34733980894088747,"z":-28.4771671295166},"rotation":{"x":-0.1436046063899994,"y":-0.052822668105363849,"z":0.00767411757260561,"w":-0.98819899559021},"size":7.843475341796875,"orthographic":false}