{"cameraMode":{"drawMode":0,"name":"Shaded","section":"Shading Mode"},"sceneLighting":true,"audioPlay":false,"sceneViewState":{"showFog":true,"showMaterialUpdate":false,"showSkybox":true,"showFlares":true,"showImageEffects":true,"showParticleSystems":true},"in2DMode":false,"pivot":{"x":-19.03015899658203,"y":-0.7960649728775024,"z":84.00920104980469},"rotation":{"x":0.059290673583745959,"y":-0.9406439661979675,"z":0.23803557455539704,"w":0.23502486944198609},"size":21.2192440032959,"orthographic":false}