{"cameraMode":{"drawMode":0,"name":"Shaded","section":"Shading Mode"},"sceneLighting":true,"audioPlay":false,"sceneViewState":{"showFog":true,"showMaterialUpdate":false,"showSkybox":true,"showFlares":true,"showImageEffects":true,"showParticleSystems":true},"in2DMode":false,"pivot":{"x":-52.30881881713867,"y":22.50905990600586,"z":112.2367172241211},"rotation":{"x":0.0019199592061340809,"y":-0.2565430998802185,"z":-0.00019167570280842483,"w":0.9671004414558411},"size":90.44609069824219,"orthographic":false}